city,RMSE,MAE,R2,sMAPE
Delhi,12.76005195605185,8.950966267582839,0.7030340669541792,13.042526047778338
